"Rank","City","County","Average VantageScore 3.0 Credit Score",""
"1","Washington Crossing","Bucks County","770",""
"2","Garnet Valley","Delaware County","767",""
"3","Wexford","Allegheny County","765",""
"4","Dresher","Montgomery County","765",""
"5","Glen Mills","Delaware County","765",""
"6","Murrysville","Westmoreland County","765",""
"7","Merion Station","Montgomery County","765",""
"8","Wynnewood","Montgomery County","764",""
"9","Berwyn","Chester County","764",""
"10","Bradfordwoods","Allegheny County","762",""
"11","Thornton","Delaware County","761",""
"12","Boalsburg","Centre County","761",""
"13","Chester Springs","Chester County","761",""
"14","New Hope","Bucks County","760",""
"15","Villanova","Delaware County","760",""
"16","Mars","Butler County","760",""
"17","Gibsonia","Allegheny County","759",""
"18","Haverford","Delaware County","759",""
"19","Chadds Ford","Delaware County","759",""
"20","Venetia","Washington County","759",""
"21","Davidsville","Somerset County","759",""
"22","Pennsylvania Furnace","Centre County","759",""
"23","Narberth","Montgomery County","759",""
"24","Zionsville","Lehigh County","758",""
"25","Furlong","Bucks County","758",""
"26","Lucinda","Clarion County","758",""
"27","Harrison City","Westmoreland County","757",""
"28","Landenberg","Chester County","757",""
"29","Gladwyne","Montgomery County","757",""
"30","Sewickley","Allegheny County","757",""
"31","Richboro","Bucks County","757",""
"32","Wayne","Chester County","757",""
"33","Fort Washington","Montgomery County","757",""
"34","Newtown","Bucks County","756",""
"35","Jamison","Bucks County","756",""
"36","Schnecksville","Lehigh County","756",""
"37","Presto","Allegheny County","755",""
"38","Lafayette Hill","Montgomery County","755",""
"39","Newtown Square","Delaware County","755",""
"40","Allison Park","Allegheny County","755",""
"41","Cranberry Township","Butler County","754",""
"42","Blue Bell","Montgomery County","753",""
"43","Collegeville","Montgomery County","753",""
"44","Sugarloaf","Luzerne County","753",""
"45","Fogelsville","Lehigh County","753",""
"46","Ambler","Montgomery County","752",""
"47","Valencia","Butler County","752",""
"48","Paoli","Chester County","752",""
"49","Glenmoore","Chester County","751",""
"50","Coopersburg","Lehigh County","751",""
"51","Boiling Springs","Cumberland County","751",""
"52","Malvern","Chester County","751",""
"53","Harleysville","Montgomery County","751",""
"54","Huntingdon Valley","Montgomery County","751",""
"55","Renfrew","Butler County","751",""
"56","Devon","Chester County","750",""
"57","Bala Cynwyd","Montgomery County","750",""
"58","Wallingford","Delaware County","750",""
"59","Center Valley","Lehigh County","750",""
"60","Swarthmore","Delaware County","750",""
"61","Glenshaw","Allegheny County","750",""
"62","Port Matilda","Centre County","749",""
"63","Doylestown","Bucks County","749",""
"64","Chalfont","Bucks County","749",""
"65","Bryn Mawr","Delaware County","749",""
"66","Lititz","Lancaster County","749",""
"67","Warrington","Bucks County","748",""
"68","Stevens","Lancaster County","748",""
"69","Conyngham","Luzerne County","748",""
"70","Orefield","Lehigh County","748",""
"71","Washington Boro","Lancaster County","748",""
"72","North Wales","Montgomery County","748",""
"73","Southampton","Bucks County","747",""
"74","Landisville","Lancaster County","747",""
"75","Bethel Park","Allegheny County","747",""
"76","Exton","Chester County","746",""
"77","Oreland","Montgomery County","746",""
"78","Pipersville","Bucks County","746",""
"79","East Earl","Lancaster County","746",""
"80","Kintnersville","Bucks County","746",""
"81","West Chester","Chester County","745",""
"82","Macungie","Lehigh County","745",""
"83","Flourtown","Montgomery County","745",""
"84","Harmony","Butler County","744",""
"85","Elverson","Chester County","744",""
"86","Brackney","Susquehanna County","744",""
"87","Dornsife","Northumberland County","744",""
"88","Kempton","Berks County","744",""
"89","Fairview","Erie County","744",""
"90","Winfield","Union County","744",""
"91","Broomall","Delaware County","743",""
"92","Export","Westmoreland County","743",""
"93","Springfield","Delaware County","743",""
"94","Warriors Mark","Huntingdon County","743",""
"95","Downingtown","Chester County","742",""
"96","Havertown","Delaware County","742",""
"97","New Freedom","York County","742",""
"98","Perkiomenville","Montgomery County","742",""
"99","Glenville","York County","742",""
"100","Media","Delaware County","742",""
"101","Reinholds","Lancaster County","741",""
"102","Elysburg","Northumberland County","741",""
"103","Russell","Warren County","741",""
"104","Fountainville","Bucks County","741",""
"105","Schwenksville","Montgomery County","741",""
"106","Fombell","Beaver County","741",""
"107","Sarver","Butler County","740",""
"108","Oley","Berks County","740",""
"109","New Tripoli","Lehigh County","740",""
"110","Jenkintown","Montgomery County","739",""
"111","Riegelsville","Bucks County","739",""
"112","Paxinos","Northumberland County","739",""
"113","Green Lane","Montgomery County","739",""
"114","New Holland","Lancaster County","739",""
"115","Plymouth Meeting","Montgomery County","739",""
"116","Irwin","Westmoreland County","739",""
"117","Belleville","Mifflin County","739",""
"118","Mohrsville","Berks County","739",""
"119","Eighty Four","Washington County","738",""
"120","Cabot","Butler County","738",""
"121","Mechanicsburg","Cumberland County","738",""
"122","Kennett Square","Chester County","738",""
"123","Willow Street","Lancaster County","738",""
"124","Lewisburg","Union County","738",""
"125","Langhorne","Bucks County","737",""
"126","Gilbertsville","Montgomery County","737",""
"127","Mertztown","Berks County","737",""
"128","Warminster","Bucks County","737",""
"129","Barto","Berks County","737",""
"130","Strasburg","Lancaster County","737",""
"131","Andreas","Schuylkill County","737",""
"132","Clarks Summit","Lackawanna County","737",""
"133","Reedsville","Mifflin County","737",""
"134","Spring Mills","Centre County","737",""
"135","Mountain Top","Luzerne County","736",""
"136","Denver","Lancaster County","736",""
"137","Lincoln University","Chester County","736",""
"138","Hummelstown","Dauphin County","736",""
"139","Loretto","Cambria County","736",""
"140","Ligonier","Westmoreland County","736",""
"141","Mohnton","Berks County","736",""
"142","Gordonville","Lancaster County","735",""
"143","Phoenixville","Chester County","735",""
"144","State College","Centre County","735",""
"145","Canonsburg","Washington County","735",""
"146","Lewisberry","York County","735",""
"147","Summerhill","Cambria County","735",""
"148","Zelienople","Butler County","735",""
"149","Morgantown","Berks County","735",""
"150","King Of Prussia","Montgomery County","734",""
"151","Hickory","Washington County","734",""
"152","Lakeville","Wayne County","734",""
"153","Delmont","Westmoreland County","734",""
"154","Dalmatia","Northumberland County","734",""
"155","Lansdale","Montgomery County","734",""
"156","Schellsburg","Bedford County","734",""
"157","Fleetwood","Berks County","734",""
"158","Manheim","Lancaster County","734",""
"159","Bernville","Berks County","734",""
"160","Oakmont","Allegheny County","734",""
"161","Perkasie","Bucks County","733",""
"162","Shavertown","Luzerne County","733",""
"163","Ardmore","Montgomery County","733",""
"164","Narvon","Lancaster County","733",""
"165","Richland","Lebanon County","733",""
"166","Lenhartsville","Berks County","733",""
"167","Riverside","Northumberland County","732",""
"168","Montoursville","Lycoming County","732",""
"169","Venus","Venango County","732",""
"170","Newmanstown","Lebanon County","731",""
"171","Ottsville","Bucks County","731",""
"172","Mount Joy","Lancaster County","731",""
"173","Cochranville","Chester County","731",""
"174","Pequea","Lancaster County","731",""
"175","Drums","Luzerne County","731",""
"176","Dauphin","Dauphin County","731",""
"177","Hatfield","Montgomery County","731",""
"178","Pottstown","Chester County","731",""
"179","Centre Hall","Centre County","731",""
"180","Avondale","Chester County","730",""
"181","Blandon","Berks County","730",""
"182","Myerstown","Lebanon County","730",""
"183","Nazareth","Northampton County","730",""
"184","Morrisville","Bucks County","730",""
"185","Spring Grove","York County","730",""
"186","Chicora","Butler County","730",""
"187","Seven Valleys","York County","730",""
"188","Conestoga","Lancaster County","730",""
"189","Acme","Westmoreland County","730",""
"190","Kutztown","Berks County","730",""
"191","Telford","Montgomery County","730",""
"192","Bechtelsville","Berks County","729",""
"193","Millersville","Lancaster County","729",""
"194","Freedom","Beaver County","729",""
"195","Kersey","Elk County","729",""
"196","Prospect","Butler County","729",""
"197","Orwigsburg","Schuylkill County","729",""
"198","Dillsburg","York County","728",""
"199","Conshohocken","Montgomery County","728",""
"200","Martinsburg","Blair County","728",""
"201","Pennsburg","Montgomery County","728",""
"202","Upper Black Eddy","Bucks County","728",""
"203","Mineral Point","Cambria County","728",""
"204","Mc Donald","Washington County","728",""
"205","Danielsville","Northampton County","728",""
"206","Bird In Hand","Lancaster County","728",""
"207","Colmar","Montgomery County","728",""
"208","Lawrence","Washington County","727",""
"209","Mc Alisterville","Juniata County","727",""
"210","Beaver","Beaver County","727",""
"211","Bethel","Berks County","727",""
"212","Cranberry","Venango County","727",""
"213","Souderton","Montgomery County","727",""
"214","Stewartstown","York County","727",""
"215","Ebensburg","Cambria County","726",""
"216","Hegins","Schuylkill County","726",""
"217","Palmyra","Lebanon County","726",""
"218","Union Dale","Susquehanna County","726",""
"219","Amity","Washington County","726",""
"220","Penn Run","Indiana County","726",""
"221","Royersford","Montgomery County","726",""
"222","Sellersville","Bucks County","726",""
"223","Dallas","Luzerne County","726",""
"224","Glenside","Montgomery County","726",""
"225","New Enterprise","Bedford County","726",""
"226","Camp Hill","Cumberland County","726",""
"227","Emmaus","Lehigh County","726",""
"228","Wellsville","York County","726",""
"229","Finleyville","Washington County","725",""
"230","Saxonburg","Butler County","725",""
"231","Saint Marys","Elk County","725",""
"232","Tafton","Pike County","725",""
"233","Elizabethtown","Lancaster County","725",""
"234","Damascus","Wayne County","725",""
"235","Shrewsbury","York County","724",""
"236","Cecil","Washington County","724",""
"237","South Park","Allegheny County","724",""
"238","New Wilmington","Mercer County","724",""
"239","Akron","Lancaster County","724",""
"240","West Grove","Chester County","724",""
"241","Douglassville","Berks County","724",""
"242","Alburtis","Berks County","724",""
"243","Robesonia","Berks County","724",""
"244","Shippenville","Clarion County","723",""
"245","Kirkwood","Lancaster County","723",""
"246","Pleasant Mount","Wayne County","723",""
"247","Breinigsville","Lehigh County","723",""
"248","Ashville","Cambria County","723",""
"249","Stahlstown","Westmoreland County","723",""
"250","Wernersville","Berks County","723",""
"251","Port Trevorton","Snyder County","723",""
"252","Brogue","York County","723",""
"253","Hollidaysburg","Blair County","723",""
"254","Cheswick","Allegheny County","723",""
"255","Mayport","Armstrong County","722",""
"256","Julian","Centre County","722",""
"257","Bridgeville","Allegheny County","722",""
"258","East Berlin","Adams County","722",""
"259","Trafford","Westmoreland County","722",""
"260","Home","Indiana County","722",""
"261","Volant","Lawrence County","722",""
"262","Barnesville","Schuylkill County","722",""
"263","Sidman","Cambria County","721",""
"264","New Park","York County","721",""
"265","Coraopolis","Allegheny County","721",""
"266","Mount Pleasant Mills","Snyder County","721",""
"267","Clearville","Bedford County","721",""
"268","Hatboro","Montgomery County","721",""
"269","Dalton","Lackawanna County","721",""
"270","Red Hill","Montgomery County","721",""
"271","Carrolltown","Cambria County","721",""
"272","Richfield","Juniata County","721",""
"273","Auburn","Schuylkill County","721",""
"274","Leola","Lancaster County","721",""
"275","Friendsville","Susquehanna County","721",""
"276","Hershey","Dauphin County","720",""
"277","Brockport","Elk County","720",""
"278","Oakdale","Allegheny County","720",""
"279","New Ringgold","Schuylkill County","720",""
"280","Fairfield","Adams County","720",""
"281","Leesport","Berks County","720",""
"282","James Creek","Huntingdon County","720",""
"283","Ephrata","Lancaster County","720",""
"284","Orrstown","Franklin County","720",""
"285","Moscow","Lackawanna County","720",""
"286","Ronks","Lancaster County","720",""
"287","Evans City","Butler County","719",""
"288","Orrtanna","Adams County","719",""
"289","Baden","Beaver County","719",""
"290","Drumore","Lancaster County","719",""
"291","Falls","Wyoming County","719",""
"292","Annville","Lebanon County","719",""
"293","Fawn Grove","York County","719",""
"294","Utica","Venango County","719",""
"295","West Sunbury","Butler County","719",""
"296","Beavertown","Snyder County","718",""
"297","Fenelton","Butler County","718",""
"298","Greensburg","Westmoreland County","718",""
"299","Mifflintown","Juniata County","718",""
"300","Mountville","Lancaster County","718",""
"301","Clinton","Beaver County","718",""
"302","Bellefonte","Centre County","718",""
"303","Glen Rock","York County","718",""
"304","Roaring Spring","Blair County","717",""
"305","Pocono Pines","Monroe County","717",""
"306","Shamokin Dam","Snyder County","717",""
"307","Leeper","Clarion County","717",""
"308","Wilcox","Elk County","717",""
"309","Greencastle","Franklin County","717",""
"310","Abbottstown","Adams County","717",""
"311","Herndon","Northumberland County","717",""
"312","New Columbia","Union County","717",""
"313","Feasterville Trevose","Bucks County","717",""
"314","Felton","York County","717",""
"315","Grantham","Cumberland County","716",""
"316","Liberty","Tioga County","716",""
"317","Zion Grove","Schuylkill County","716",""
"318","Shohola","Pike County","716",""
"319","Hollsopple","Somerset County","716",""
"320","Mifflinburg","Union County","716",""
"321","Holtwood","Lancaster County","716",""
"322","Portersville","Butler County","716",""
"323","Middleburg","Snyder County","716",""
"324","Danville","Montour County","716",""
"325","Millerstown","Perry County","716",""
"326","Newburg","Cumberland County","716",""
"327","Jackson Center","Mercer County","716",""
"328","Edinboro","Erie County","715",""
"329","Waterford","Erie County","715",""
"330","East Petersburg","Lancaster County","715",""
"331","Cheyney","Delaware County","715",""
"332","York Springs","Adams County","715",""
"333","Catawissa","Columbia County","715",""
"334","Turbotville","Northumberland County","715",""
"335","Cranesville","Erie County","715",""
"336","Imperial","Allegheny County","715",""
"337","Laurys Station","Lehigh County","715",""
"338","Germansville","Lehigh County","715",""
"339","Hellertown","Northampton County","714",""
"340","Lake Ariel","Wayne County","714",""
"341","Cogan Station","Lycoming County","714",""
"342","Halifax","Dauphin County","714",""
"343","Butler","Butler County","714",""
"344","Alexandria","Huntingdon County","714",""
"345","Wapwallopen","Luzerne County","714",""
"346","Guys Mills","Crawford County","714",""
"347","Thompsontown","Juniata County","714",""
"348","Hunker","Westmoreland County","714",""
"349","Howard","Centre County","714",""
"350","Aston","Delaware County","713",""
"351","Bally","Berks County","713",""
"352","Scenery Hill","Washington County","713",""
"353","Tatamy","Northampton County","713",""
"354","Gap","Lancaster County","713",""
"355","Seneca","Venango County","713",""
"356","Middlebury Center","Tioga County","712",""
"357","Horsham","Montgomery County","712",""
"358","Quarryville","Lancaster County","712",""
"359","Fayetteville","Franklin County","712",""
"360","Apollo","Westmoreland County","712",""
"361","Womelsdorf","Berks County","712",""
"362","Hookstown","Beaver County","712",""
"363","Mifflinville","Columbia County","712",""
"364","Lilly","Cambria County","712",""
"365","Mc Veytown","Mifflin County","712",""
"366","Northampton","Northampton County","712",""
"367","Bedford","Bedford County","712",""
"368","Port Royal","Juniata County","712",""
"369","Pulaski","Lawrence County","712",""
"370","Duncansville","Blair County","711",""
"371","Gardners","Cumberland County","711",""
"372","Worthington","Armstrong County","711",""
"373","Aspers","Adams County","711",""
"374","Fairmount City","Clarion County","711",""
"375","Abington","Montgomery County","711",""
"376","Gettysburg","Adams County","711",""
"377","Paradise","Lancaster County","711",""
"378","Kingsley","Susquehanna County","711",""
"379","Champion","Westmoreland County","711",""
"380","Snow Shoe","Centre County","711",""
"381","Allenwood","Union County","711",""
"382","Ringtown","Schuylkill County","711",""
"383","Walnutport","Northampton County","711",""
"384","New Alexandria","Westmoreland County","711",""
"385","Millville","Columbia County","711",""
"386","Boyertown","Berks County","711",""
"387","New Providence","Lancaster County","711",""
"388","Wyalusing","Bradford County","710",""
"389","Crescent","Allegheny County","710",""
"390","Salix","Cambria County","710",""
"391","Wellsboro","Tioga County","710",""
"392","Valley View","Schuylkill County","710",""
"393","Kinzers","Lancaster County","710",""
"394","Clarksburg","Indiana County","710",""
"395","Bath","Northampton County","710",""
"396","Shelocta","Armstrong County","710",""
"397","Aaronsburg","Centre County","710",""
"398","Freeport","Armstrong County","709",""
"399","Orangeville","Columbia County","709",""
"400","Enola","Cumberland County","709",""
"401","Saegertown","Crawford County","709",""
"402","Coplay","Lehigh County","709",""
"403","Weedville","Elk County","709",""
"404","Fredericksburg","Lebanon County","709",""
"405","Stoystown","Somerset County","709",""
"406","Dushore","Sullivan County","709",""
"407","Friedens","Somerset County","709",""
"408","Shoemakersville","Berks County","709",""
"409","Monroeville","Allegheny County","709",""
"410","Peckville","Lackawanna County","709",""
"411","Salisbury","Somerset County","709",""
"412","Summerville","Jefferson County","708",""
"413","Enon Valley","Lawrence County","708",""
"414","Grove City","Mercer County","708",""
"415","Rural Valley","Armstrong County","708",""
"416","Bloomsburg","Columbia County","708",""
"417","Etters","York County","708",""
"418","Mercersburg","Franklin County","708",""
"419","Harrisonville","Fulton County","708",""
"420","New Stanton","Westmoreland County","707",""
"421","Carlisle","Cumberland County","707",""
"422","Berlin","Somerset County","707",""
"423","Liverpool","Perry County","707",""
"424","Selinsgrove","Snyder County","707",""
"425","Loysville","Perry County","707",""
"426","Grampian","Clearfield County","707",""
"427","Kennerdell","Venango County","707",""
"428","Latrobe","Westmoreland County","707",""
"429","Wyoming","Luzerne County","707",""
"430","Archbald","Lackawanna County","707",""
"431","Biglerville","Adams County","707",""
"432","Beach Lake","Wayne County","707",""
"433","Rebersburg","Centre County","707",""
"434","Quakertown","Bucks County","707",""
"435","Mount Wolf","York County","707",""
"436","New Bethlehem","Clarion County","707",""
"437","Wattsburg","Erie County","707",""
"438","Manns Choice","Bedford County","707",""
"439","Spring Run","Franklin County","707",""
"440","Fredonia","Mercer County","706",""
"441","Blain","Perry County","706",""
"442","Harborcreek","Erie County","706",""
"443","Bear Lake","Warren County","706",""
"444","Cheltenham","Montgomery County","706",""
"445","Stoneboro","Mercer County","706",""
"446","Millmont","Union County","706",""
"447","New Oxford","Adams County","706",""
"448","Elizabeth","Allegheny County","706",""
"449","Cochranton","Crawford County","706",""
"450","Hadley","Mercer County","706",""
"451","Hermitage","Mercer County","705",""
"452","Topton","Berks County","705",""
"453","Falls Creek","Jefferson County","705",""
"454","Loganton","Clinton County","705",""
"455","Elliottsburg","Perry County","705",""
"456","Stillwater","Columbia County","705",""
"457","Littlestown","Adams County","705",""
"458","Conway","Beaver County","705",""
"459","Spring City","Chester County","705",""
"460","Pine Grove","Schuylkill County","705",""
"461","Moosic","Lackawanna County","705",""
"462","Marion Center","Indiana County","705",""
"463","Muncy","Lycoming County","704",""
"464","Ruffs Dale","Westmoreland County","704",""
"465","Birdsboro","Berks County","704",""
"466","Corsica","Jefferson County","704",""
"467","Frenchville","Clearfield County","704",""
"468","Equinunk","Wayne County","704",""
"469","Huntingdon","Huntingdon County","704",""
"470","Newville","Cumberland County","704",""
"471","Dublin","Bucks County","704",""
"472","Smicksburg","Indiana County","704",""
"473","Karns City","Butler County","704",""
"474","Mont Clare","Montgomery County","704",""
"475","Three Springs","Huntingdon County","704",""
"476","New Cumberland","York County","704",""
"477","Mercer","Mercer County","704",""
"478","Knox","Clarion County","704",""
"479","Chambersburg","Franklin County","704",""
"480","Elkins Park","Montgomery County","704",""
"481","Sweet Valley","Luzerne County","704",""
"482","Pittsfield","Warren County","704",""
"483","Osterburg","Bedford County","704",""
"484","Muncy Valley","Sullivan County","704",""
"485","Hawley","Pike County","703",""
"486","Hunlock Creek","Luzerne County","703",""
"487","Mc Kean","Erie County","703",""
"488","Bainbridge","Lancaster County","703",""
"489","Millersburg","Dauphin County","703",""
"490","West Middlesex","Mercer County","703",""
"491","Marysville","Perry County","703",""
"492","Northumberland","Northumberland County","703",""
"493","Bulger","Washington County","703",""
"494","East Greenville","Montgomery County","703",""
"495","Trout Run","Lycoming County","703",""
"496","Avella","Washington County","702",""
"497","Rochester Mills","Indiana County","702",""
"498","Petersburg","Huntingdon County","702",""
"499","Needmore","Fulton County","702",""
"500","Dover","York County","702",""
"501","Cambridge Springs","Crawford County","702",""
"502","Whitehall","Lehigh County","702",""
"503","Brookville","Jefferson County","702",""
"504","Mc Clure","Mifflin County","702",""
"505","Conneautville","Crawford County","702",""
"506","Alum Bank","Bedford County","702",""
"507","Mount Bethel","Northampton County","702",""
"508","Beaver Springs","Snyder County","702",""
"509","Conneaut Lake","Crawford County","702",""
"510","Brockway","Jefferson County","702",""
"511","Benton","Columbia County","702",""
"512","West Decatur","Clearfield County","702",""
"513","Everett","Bedford County","701",""
"514","Factoryville","Wyoming County","701",""
"515","Rome","Bradford County","701",""
"516","Hamburg","Berks County","701",""
"517","Jonestown","Lebanon County","701",""
"518","Hanover","York County","701",""
"519","Honesdale","Wayne County","701",""
"520","Slatington","Lehigh County","701",""
"521","Emlenton","Venango County","701",""
"522","Leechburg","Westmoreland County","701",""
"523","Sandy Lake","Mercer County","701",""
"524","Rockwood","Somerset County","701",""
"525","Red Lion","York County","701",""
"526","Belle Vernon","Westmoreland County","701",""
"527","Nescopeck","Luzerne County","701",""
"528","Perryopolis","Fayette County","701",""
"529","Imler","Bedford County","700",""
"530","Punxsutawney","Jefferson County","700",""
"531","Thompson","Susquehanna County","700",""
"532","Mount Pleasant","Westmoreland County","700",""
"533","Hop Bottom","Susquehanna County","700",""
"534","Christiana","Lancaster County","700",""
"535","North East","Erie County","700",""
"536","Willow Grove","Montgomery County","700",""
"537","Oxford","Chester County","700",""
"538","Industry","Beaver County","700",""
"539","Springville","Susquehanna County","700",""
"540","Shade Gap","Huntingdon County","699",""
"541","Wind Gap","Northampton County","699",""
"542","Darlington","Beaver County","699",""
"543","Cowansville","Armstrong County","699",""
"544","Pittsburgh","Allegheny County","699",""
"545","Harveys Lake","Luzerne County","699",""
"546","Landisburg","Perry County","699",""
"547","Morton","Delaware County","699",""
"548","Rices Landing","Greene County","699",""
"549","Creekside","Indiana County","699",""
"550","Townville","Crawford County","699",""
"551","Indiana","Indiana County","699",""
"552","Du Bois","Clearfield County","699",""
"553","Williamsburg","Blair County","699",""
"554","Houston","Washington County","699",""
"555","Boswell","Somerset County","699",""
"556","Pocono Lake","Monroe County","699",""
"557","Millerton","Tioga County","698",""
"558","Penfield","Clearfield County","698",""
"559","Slippery Rock","Butler County","698",""
"560","Saylorsburg","Monroe County","698",""
"561","Honey Brook","Chester County","698",""
"562","Shippensburg","Cumberland County","698",""
"563","White Haven","Luzerne County","698",""
"564","Tionesta","Forest County","698",""
"565","Kittanning","Armstrong County","698",""
"566","Avonmore","Armstrong County","698",""
"567","Milford","Pike County","698",""
"568","Waymart","Wayne County","698",""
"569","Watsontown","Northumberland County","698",""
"570","Mill Creek","Huntingdon County","698",""
"571","Ford City","Armstrong County","698",""
"572","Patton","Cambria County","698",""
"573","Sugar Grove","Warren County","698",""
"574","New Paris","Bedford County","698",""
"575","Polk","Venango County","698",""
"576","Montrose","Susquehanna County","698",""
"577","Saint Thomas","Franklin County","698",""
"578","Lehighton","Carbon County","697",""
"579","Folsom","Delaware County","697",""
"580","Girard","Erie County","697",""
"581","Schuylkill Haven","Schuylkill County","697",""
"582","Dayton","Armstrong County","697",""
"583","Cooperstown","Venango County","697",""
"584","Hastings","Cambria County","697",""
"585","Transfer","Mercer County","697",""
"586","Bethlehem","Northampton County","697",""
"587","Ulster","Bradford County","697",""
"588","Clairton","Allegheny County","696",""
"589","New Florence","Indiana County","696",""
"590","New Milford","Susquehanna County","696",""
"591","New Albany","Bradford County","696",""
"592","Galeton","Potter County","696",""
"593","Coal Center","Washington County","696",""
"594","Mahaffey","Clearfield County","696",""
"595","Curwensville","Clearfield County","696",""
"596","Atglen","Chester County","696",""
"597","Tunkhannock","Wyoming County","696",""
"598","Hopewell","Bedford County","696",""
"599","Homer City","Indiana County","696",""
"600","Mill Hall","Clinton County","696",""
"601","Morrisdale","Clearfield County","696",""
"602","Airville","York County","696",""
"603","Shickshinny","Luzerne County","696",""
"604","Waynesboro","Franklin County","695",""
"605","Sharpsville","Mercer County","695",""
"606","Wampum","Lawrence County","695",""
"607","Portage","Cambria County","695",""
"608","Saltsburg","Indiana County","695",""
"609","Boyers","Butler County","695",""
"610","Garrett","Somerset County","695",""
"611","Beaver Meadows","Carbon County","695",""
"612","Reynoldsville","Jefferson County","695",""
"613","Harrisville","Butler County","695",""
"614","Templeton","Armstrong County","695",""
"615","Ulysses","Potter County","695",""
"616","Shirleysburg","Huntingdon County","695",""
"617","New Bloomfield","Perry County","695",""
"618","Prosperity","Washington County","694",""
"619","Windber","Somerset County","694",""
"620","Mansfield","Tioga County","694",""
"621","Natrona Heights","Allegheny County","694",""
"622","Weatherly","Carbon County","694",""
"623","Johnstown","Cambria County","694",""
"624","Peach Bottom","Lancaster County","694",""
"625","Sligo","Clarion County","694",""
"626","Jersey Shore","Lycoming County","694",""
"627","Burgettstown","Washington County","694",""
"628","Ickesburg","Perry County","694",""
"629","Milton","Northumberland County","694",""
"630","Jermyn","Lackawanna County","694",""
"631","East Brady","Armstrong County","694",""
"632","Cresco","Monroe County","694",""
"633","Columbia Cross Roads","Bradford County","694",""
"634","Thomasville","York County","693",""
"635","Edinburg","Lawrence County","693",""
"636","Scottdale","Westmoreland County","693",""
"637","Monongahela","Washington County","693",""
"638","Ashland","Schuylkill County","693",""
"639","Newfoundland","Wayne County","693",""
"640","Tyrone","Blair County","693",""
"641","Dallastown","York County","693",""
"642","Jamestown","Crawford County","693",""
"643","Jim Thorpe","Carbon County","692",""
"644","West Newton","Westmoreland County","692",""
"645","Nottingham","Chester County","692",""
"646","Pen Argyl","Northampton County","692",""
"647","Kane","McKean County","692",""
"648","Elizabethville","Dauphin County","692",""
"649","Bangor","Northampton County","692",""
"650","Lancaster","Lancaster County","692",""
"651","Carnegie","Allegheny County","692",""
"652","Smock","Fayette County","692",""
"653","Roaring Branch","Tioga County","692",""
"654","Jeannette","Westmoreland County","692",""
"655","Monaca","Beaver County","692",""
"656","Ridgway","Elk County","692",""
"657","Manor","Westmoreland County","692",""
"658","Atlantic","Crawford County","692",""
"659","Fairless Hills","Bucks County","692",""
"660","Mc Connellsburg","Fulton County","692",""
"661","Cherry Tree","Indiana County","692",""
"662","Richlandtown","Bucks County","692",""
"663","Springdale","Allegheny County","692",""
"664","Thorndale","Chester County","692",""
"665","Mapleton Depot","Huntingdon County","691",""
"666","Coudersport","Potter County","691",""
"667","Hustontown","Fulton County","691",""
"668","Marietta","Lancaster County","691",""
"669","Gillett","Bradford County","691",""
"670","Wyncote","Montgomery County","691",""
"671","South Fork","Cambria County","691",""
"672","Coalport","Clearfield County","691",""
"673","Sayre","Bradford County","691",""
"674","Clarion","Clarion County","691",""
"675","Duncannon","Perry County","691",""
"676","Nesquehoning","Carbon County","691",""
"677","Grantville","Dauphin County","691",""
"678","Aliquippa","Beaver County","691",""
"679","Dawson","Fayette County","691",""
"680","Meadville","Crawford County","690",""
"681","Palmerton","Carbon County","690",""
"682","Shermans Dale","Perry County","690",""
"683","Pleasantville","Venango County","690",""
"684","Unityville","Lycoming County","690",""
"685","Farmington","Fayette County","690",""
"686","Easton","Northampton County","690",""
"687","Hughesville","Lycoming County","690",""
"688","Marianna","Washington County","690",""
"689","Austin","Potter County","690",""
"690","Woodland","Clearfield County","690",""
"691","Wrightsville","York County","690",""
"692","Linden","Lycoming County","690",""
"693","New Kensington","Westmoreland County","690",""
"694","Susquehanna","Susquehanna County","690",""
"695","Scotrun","Monroe County","690",""
"696","Nicholson","Wyoming County","690",""
"697","Johnsonburg","Elk County","690",""
"698","Fort Loudon","Franklin County","690",""
"699","Newport","Perry County","690",""
"700","Bolivar","Westmoreland County","690",""
"701","Warfordsburg","Fulton County","689",""
"702","Hopwood","Fayette County","689",""
"703","Forest City","Susquehanna County","689",""
"704","Strattanville","Clarion County","689",""
"705","Central City","Somerset County","689",""
"706","Parkesburg","Chester County","689",""
"707","Georgetown","Beaver County","689",""
"708","Beaver Falls","Beaver County","689",""
"709","Knoxville","Tioga County","689",""
"710","Bensalem","Bucks County","689",""
"711","Greenville","Mercer County","689",""
"712","East Waterford","Juniata County","689",""
"713","Troy","Bradford County","689",""
"714","Meyersdale","Somerset County","689",""
"715","Centerville","Crawford County","689",""
"716","Hallstead","Susquehanna County","688",""
"717","Smithton","Westmoreland County","688",""
"718","Olyphant","Lackawanna County","688",""
"719","Duryea","Luzerne County","688",""
"720","Kulpmont","Northumberland County","688",""
"721","Blairsville","Indiana County","688",""
"722","Marienville","Forest County","688",""
"723","New Galilee","Lawrence County","688",""
"724","Towanda","Bradford County","688",""
"725","Mount Holly Springs","Cumberland County","688",""
"726","Gallitzin","Cambria County","688",""
"727","Petrolia","Butler County","688",""
"728","Tower City","Schuylkill County","687",""
"729","Franklin","Venango County","687",""
"730","Kunkletown","Monroe County","687",""
"731","Ellwood City","Lawrence County","687",""
"732","Herminie","Westmoreland County","687",""
"733","Ridley Park","Delaware County","687",""
"734","Hyndman","Bedford County","687",""
"735","Clymer","Indiana County","687",""
"736","Adamstown","Lancaster County","687",""
"737","New Castle","Lawrence County","687",""
"738","Philipsburg","Centre County","687",""
"739","Gouldsboro","Lackawanna County","687",""
"740","Cresson","Cambria County","687",""
"741","Hooversville","Somerset County","687",""
"742","Commodore","Indiana County","687",""
"743","Stroudsburg","Monroe County","687",""
"744","Linesville","Crawford County","687",""
"745","Fallentimber","Cambria County","687",""
"746","Irvona","Clearfield County","687",""
"747","Drexel Hill","Delaware County","686",""
"748","West Alexander","Washington County","686",""
"749","Youngsville","Warren County","686",""
"750","Vanderbilt","Fayette County","686",""
"751","Warren","Warren County","686",""
"752","West Mifflin","Allegheny County","686",""
"753","Mifflin","Juniata County","686",""
"754","Canton","Bradford County","686",""
"755","Emporium","Cameron County","686",""
"756","Summit Hill","Carbon County","686",""
"757","Beech Creek","Clinton County","686",""
"758","Mc Sherrystown","Adams County","686",""
"759","Verona","Allegheny County","686",""
"760","Tarentum","Allegheny County","686",""
"761","Fayette City","Fayette County","686",""
"762","East Springfield","Erie County","686",""
"763","Houtzdale","Clearfield County","685",""
"764","Tidioute","Warren County","685",""
"765","Tamaqua","Schuylkill County","685",""
"766","Westfield","Tioga County","685",""
"767","Lebanon","Lebanon County","685",""
"768","York","York County","685",""
"769","Montgomery","Lycoming County","685",""
"770","East Freedom","Blair County","685",""
"771","Union City","Erie County","685",""
"772","Parker","Clarion County","685",""
"773","Columbia","Lancaster County","684",""
"774","York Haven","York County","684",""
"775","Greentown","Pike County","684",""
"776","Genesee","Potter County","684",""
"777","Norristown","Montgomery County","684",""
"778","Washington","Washington County","684",""
"779","Osceola Mills","Clearfield County","684",""
"780","Claysville","Washington County","684",""
"781","Middletown","Dauphin County","684",""
"782","Spartansburg","Crawford County","684",""
"783","Seward","Indiana County","684",""
"784","Sunbury","Northumberland County","684",""
"785","New Brighton","Beaver County","684",""
"786","Canadensis","Monroe County","684",""
"787","Albion","Erie County","684",""
"788","Shinglehouse","Potter County","684",""
"789","Temple","Berks County","683",""
"790","Windsor","York County","683",""
"791","Tannersville","Monroe County","683",""
"792","Lewistown","Mifflin County","683",""
"793","Pittston","Luzerne County","683",""
"794","Coatesville","Chester County","683",""
"795","Delta","York County","683",""
"796","Derry","Westmoreland County","683",""
"797","Titusville","Crawford County","682",""
"798","Youngwood","Westmoreland County","682",""
"799","Sciota","Monroe County","682",""
"800","North Versailles","Allegheny County","682",""
"801","Old Forge","Lackawanna County","682",""
"802","Daisytown","Washington County","682",""
"803","Vandergrift","Armstrong County","682",""
"804","Jessup","Lackawanna County","682",""
"805","Breezewood","Bedford County","682",""
"806","Cairnbrook","Somerset County","682",""
"807","Lykens","Dauphin County","682",""
"808","Brodheadsville","Monroe County","682",""
"809","Bellwood","Blair County","681",""
"810","Altoona","Blair County","681",""
"811","Pottsville","Schuylkill County","681",""
"812","Oil City","Venango County","681",""
"813","Sheffield","Warren County","681",""
"814","Lock Haven","Clinton County","681",""
"815","Nanty Glo","Cambria County","681",""
"816","Laceyville","Bradford County","681",""
"817","Orbisonia","Huntingdon County","681",""
"818","Smethport","McKean County","681",""
"819","Lake City","Erie County","681",""
"820","Matamoras","Pike County","681",""
"821","Noxen","Wyoming County","681",""
"822","Claysburg","Blair County","681",""
"823","Milroy","Mifflin County","681",""
"824","Avis","Clinton County","681",""
"825","Clearfield","Clearfield County","681",""
"826","Manchester","York County","681",""
"827","Mont Alto","Franklin County","681",""
"828","Athens","Bradford County","680",""
"829","Bentleyville","Washington County","680",""
"830","Hilliards","Butler County","680",""
"831","Covington","Tioga County","680",""
"832","Karthaus","Clearfield County","680",""
"833","Rimersburg","Clarion County","680",""
"834","New Philadelphia","Schuylkill County","679",""
"835","Charleroi","Washington County","679",""
"836","Northern Cambria","Cambria County","679",""
"837","Lewis Run","McKean County","679",""
"838","Fredericktown","Washington County","679",""
"839","Mill Run","Fayette County","679",""
"840","Rossiter","Indiana County","679",""
"841","Homestead","Allegheny County","679",""
"842","Carmichaels","Greene County","679",""
"843","Glen Campbell","Indiana County","679",""
"844","Port Allegany","McKean County","679",""
"845","Leetsdale","Allegheny County","678",""
"846","Berwick","Columbia County","678",""
"847","Waynesburg","Greene County","678",""
"848","Lawrenceville","Tioga County","678",""
"849","Freeland","Luzerne County","678",""
"850","Monroeton","Bradford County","678",""
"851","Bartonsville","Monroe County","678",""
"852","Kingston","Luzerne County","678",""
"853","Connellsville","Fayette County","678",""
"854","Bradford","McKean County","678",""
"855","Dunbar","Fayette County","678",""
"856","Lemoyne","Cumberland County","678",""
"857","Frackville","Schuylkill County","678",""
"858","Norwood","Delaware County","678",""
"859","Adrian","Armstrong County","678",""
"860","Meshoppen","Susquehanna County","677",""
"861","Mehoopany","Wyoming County","677",""
"862","Normalville","Fayette County","677",""
"863","Dingmans Ferry","Pike County","677",""
"864","Monessen","Westmoreland County","677",""
"865","Mcadoo","Schuylkill County","677",""
"866","Greeley","Pike County","677",""
"867","Mount Morris","Greene County","677",""
"868","Saxton","Bedford County","676",""
"869","Colver","Cambria County","676",""
"870","Uniontown","Fayette County","676",""
"871","Springboro","Crawford County","676",""
"872","Bethlehem","Lehigh County","676",""
"873","Holmes","Delaware County","676",""
"874","Corry","Erie County","676",""
"875","Clarksville","Washington County","676",""
"876","Jefferson","Greene County","676",""
"877","Rochester","Beaver County","676",""
"878","Williamstown","Dauphin County","676",""
"879","Yeagertown","Mifflin County","676",""
"880","Renovo","Clinton County","676",""
"881","Trevorton","Northumberland County","676",""
"882","Levittown","Bucks County","676",""
"883","Coal Township","Northumberland County","676",""
"884","Wysox","Bradford County","676",""
"885","Erie","Erie County","676",""
"886","Carbondale","Lackawanna County","676",""
"887","Confluence","Somerset County","675",""
"888","Dravosburg","Allegheny County","675",""
"889","Clifton Heights","Delaware County","675",""
"890","Sykesville","Jefferson County","675",""
"891","New Eagle","Washington County","675",""
"892","Clarendon","Warren County","675",""
"893","Taylor","Lackawanna County","675",""
"894","Gilbert","Monroe County","675",""
"895","Saint Clair","Schuylkill County","674",""
"896","Brownsville","Fayette County","674",""
"897","Markleysburg","Fayette County","674",""
"898","Bessemer","Lawrence County","674",""
"899","Catasauqua","Lehigh County","674",""
"900","Eldred","McKean County","674",""
"901","Bridgeport","Montgomery County","674",""
"902","Fairchance","Fayette County","674",""
"903","Great Bend","Susquehanna County","674",""
"904","Nanticoke","Luzerne County","674",""
"905","Blue Ridge Summit","Franklin County","674",""
"906","Prospect Park","Delaware County","673",""
"907","Cressona","Schuylkill County","673",""
"908","Effort","Monroe County","673",""
"909","Adah","Fayette County","673",""
"910","Creighton","Allegheny County","673",""
"911","New Salem","Fayette County","672",""
"912","Mc Kees Rocks","Allegheny County","672",""
"913","Somerset","Somerset County","672",""
"914","Brookhaven","Delaware County","671",""
"915","Tremont","Schuylkill County","671",""
"916","Mount Carmel","Northumberland County","671",""
"917","Luzerne","Luzerne County","671",""
"918","Burnham","Mifflin County","671",""
"919","Mc Clellandtown","Fayette County","671",""
"920","East Mc Keesport","Allegheny County","671",""
"921","Tioga","Tioga County","671",""
"922","Dilliner","Greene County","671",""
"923","California","Washington County","671",""
"924","Henryville","Monroe County","671",""
"925","East Stroudsburg","Monroe County","671",""
"926","Greensboro","Greene County","671",""
"927","Smithfield","Fayette County","670",""
"928","Midland","Beaver County","670",""
"929","Essington","Delaware County","670",""
"930","Blossburg","Tioga County","670",""
"931","Croydon","Bucks County","670",""
"932","Roulette","Potter County","670",""
"933","Williamsport","Lycoming County","669",""
"934","Glenolden","Delaware County","669",""
"935","University Park","Centre County","669",""
"936","Port Carbon","Schuylkill County","669",""
"937","Wilkes Barre","Luzerne County","669",""
"938","Lake Lynn","Fayette County","668",""
"939","Pottstown","Montgomery County","668",""
"940","Republic","Fayette County","667",""
"941","Mount Union","Huntingdon County","667",""
"942","West Springfield","Erie County","667",""
"943","Masontown","Fayette County","667",""
"944","Albrightsville","Carbon County","666",""
"945","Scranton","Lackawanna County","666",""
"946","Blakeslee","Monroe County","665",""
"947","Mckeesport","Allegheny County","665",""
"948","Shamokin","Northumberland County","665",""
"949","Woodlyn","Delaware County","665",""
"950","Lemont Furnace","Fayette County","665",""
"951","Elkland","Tioga County","665",""
"952","Brackenridge","Allegheny County","664",""
"953","Ambridge","Beaver County","664",""
"954","Grindstone","Fayette County","664",""
"955","Everson","Fayette County","662",""
"956","Ellsworth","Washington County","662",""
"957","Coaldale","Schuylkill County","661",""
"958","Donora","Washington County","660",""
"959","Pocono Summit","Monroe County","660",""
"960","Plymouth","Luzerne County","659",""
"961","Glassport","Allegheny County","659",""
"962","Long Pond","Monroe County","658",""
"963","Reading","Berks County","658",""
"964","Marcus Hook","Delaware County","657",""
"965","Hazleton","Luzerne County","657",""
"966","Lyndora","Butler County","657",""
"967","Turtle Creek","Allegheny County","657",""
"968","Harrisburg","Dauphin County","655",""
"969","Girardville","Schuylkill County","655",""
"970","Minersville","Schuylkill County","654",""
"971","Mount Pocono","Monroe County","653",""
"972","Toughkenamon","Chester County","653",""
"973","Bushkill","Pike County","652",""
"974","Allentown","Lehigh County","651",""
"975","Point Marion","Fayette County","649",""
"976","Shenandoah","Schuylkill County","645",""
"977","Bristol","Bucks County","644",""
"978","Mahanoy City","Schuylkill County","643",""
"979","Pitcairn","Allegheny County","643",""
"980","Lansdowne","Delaware County","643",""
"981","Folcroft","Delaware County","641",""
"982","White Deer","Union County","640",""
"983","East Pittsburgh","Allegheny County","640",""
"984","Lansford","Carbon County","639",""
"985","Glen Lyon","Luzerne County","637",""
"986","Highspire","Dauphin County","635",""
"987","Sharon","Mercer County","634",""
"988","Philadelphia","Philadelphia County","631",""
"989","Upper Darby","Delaware County","626",""
"990","Farrell","Mercer County","625",""
"991","Tobyhanna","Monroe County","620",""
"992","Wilmerding","Allegheny County","618",""
"993","La Belle","Fayette County","617",""
"994","Crum Lynne","Delaware County","609",""
"995","Duquesne","Allegheny County","606",""
"996","Sharon Hill","Delaware County","602",""
"997","Braddock","Allegheny County","601",""
"998","Darby","Delaware County","573",""
"999","Chester","Delaware County","552",""
